query_id,start,goal,algorithm,path,hops,path_cost_km,expanded,max_frontier,runtime_ms
Q1,KUL,KEF,BFS,KUL -> AMS -> KEF,2,12274.31753121269,284,1679,14.2083000000639
Q1,KUL,KEF,DFS,KUL -> ADL -> CNS -> GUM -> CTS -> HIJ -> DLC -> CGO -> BAV -> NAY -> HLD -> COQ -> ULN -> FRU -> CEK -> EVN -> AER -> KIV -> BLQ -> ACE -> BFS -> DBV -> BGO -> KEF,23,41767.82327702519,2112,859,15.672700000322948
Q1,KUL,KEF,UCS,KUL -> HKT -> LED -> HEL -> KEF,4,11461.348578050694,1851,616,23.424899999554327
Q2,SIN,EZE,BFS,SIN -> AMS -> EZE,2,21976.108024099405,233,1629,10.861100000511215
Q2,SIN,EZE,DFS,SIN -> ADL -> CNS -> GUM -> CTS -> HIJ -> DLC -> CGO -> BAV -> NAY -> HLD -> COQ -> ULN -> FRU -> ALA -> GYD -> ASB -> BHX -> ABZ -> BGO -> BLL -> AAL -> AAR -> BMA -> MMX -> BEG -> ATH -> AMM -> ADE -> ASM -> JUB -> ADD -> ACC -> ABJ -> CKY -> OXB -> RAI -> BOS -> ATL -> EZE,39,65213.83567240245,904,858,12.094300000171643
Q2,SIN,EZE,UCS,SIN -> JNB -> GRU -> EZE,3,17817.356252826285,3002,620,25.31060000001162
Q3,NRT,CPT,BFS,NRT -> AMS -> CPT,2,19005.893768605238,173,1727,10.565200000201003
Q3,NRT,CPT,DFS,NRT -> AKL -> PER -> HKT -> CKG -> CGO -> BAV -> CIF -> HLD -> COQ -> NZH -> IKT -> ABA -> NSK -> AER -> EVN -> ATH -> ADB -> ADA -> EBL -> GOT -> AAR -> AAL -> BLL -> AHO -> AOI -> CTA -> BRI -> CAG -> KRK -> BFS -> ACE -> BIO -> IBZ -> BRN -> OLB -> BOD -> AJA -> AVN -> LIG -> SOU -> JER -> DSA -> KTW -> KUT -> DOK -> DWC -> AMD -> BLR -> CCJ -> AAN -> PEW -> DSK -> PZH -> UET -> MHD -> MED -> AHB -> ADE -> ASM -> JUB -> ADD -> ACC -> WDH -> CPT,64,91541.43195914895,1414,785,11.50359999974171
Q3,NRT,CPT,UCS,NRT -> HKG -> MRU -> CPT,3,14813.319264012905,3042,1018,27.494599999954517
